Nama Produk,Harga
Samsung Galaxy A03 48 MP Camera 6.5-inch Infinity-V Display - Garansi Resmi SEIN 1 Tahun,9.999
Batik Pria,59.000
Bundle 2 Ferospat Penuhi Kebutuhan Zat Besi,102.000
Tripod Handphone 2 Meter Besi Plus Mini ball head Free Holder Hp Free Tomsis Remote Bluetooth,58.999
Sarung Bantal Suede,22.900
SPEEDS Resistance Bands 11 in 1 Set Tali Pembantu Fitness Gym Power 024-10,55.000
[Twin Pack] Bagus Nina - Pembalut anion 24 cm,49.999
CELANA Pria SLIMFIT Panjang chino KERJA HARIAN HITAM MOCCA ABU,31.900
TERMURAH Jilbab Segi Empat Wolfis 115 x 115 / Jilbab Wollpeach / Jilbab Segi Empat Polos,19.500
TIANG HORDENG SET KOMPLIT BATANG GORDEN REL PIPA GORDENG 1 METER 1/2 METER 60CM,9.999
(1KG=15PC) SAUDIA EXCLUSIF / segiempat kerudung rawis saudia,11.200
NATURAL MOMS Kantong Asi 100 / 120 / 150 ML isi 30 pcs Breastmilk Storage Bags Thermal Sensor,18.999
Celana Jeans Pria,45.000
Celana Jeans Panjang Pria,47.999
Mouse USB Logitech M90,39.000
Gamis + Hijbab Ceruty 2 Layer,95.500
